{"cameraMode":{"drawMode":0,"name":"Shaded","section":"Shading Mode"},"sceneLighting":false,"audioPlay":false,"sceneViewState":{"m_AlwaysRefresh":false,"showFog":true,"showSkybox":false,"showFlares":true,"showImageEffects":true,"showParticleSystems":true,"showVisualEffectGraphs":true,"m_FxEnabled":true},"in2DMode":false,"pivot":{"x":3.819999933242798,"y":0.19999980926513673,"z":-23.799999237060548},"rotation":{"x":0.15227757394313813,"y":-0.6873621940612793,"z":0.15082229673862458,"w":0.6939867734909058},"size":0.8660253882408142,"orthographic":false}