{"cameraMode":{"drawMode":0,"name":"Shaded","section":"Shading Mode"},"sceneLighting":true,"audioPlay":false,"sceneViewState":{"m_AlwaysRefresh":false,"showFog":true,"showSkybox":true,"showFlares":true,"showImageEffects":true,"showParticleSystems":true,"showVisualEffectGraphs":true,"m_FxEnabled":false},"in2DMode":false,"pivot":{"x":0.3549278974533081,"y":1.3491132259368897,"z":0.1648198366165161},"rotation":{"x":-0.15828968584537507,"y":0.02339770644903183,"z":-0.0037396263796836139,"w":-0.9871270060539246},"size":3.571587085723877,"orthographic":false}