{"cameraMode":{"drawMode":0,"name":"Shaded","section":"Shading Mode"},"sceneLighting":true,"audioPlay":false,"sceneViewState":{"m_AlwaysRefresh":false,"showFog":true,"showSkybox":true,"showFlares":true,"showImageEffects":true,"showParticleSystems":true,"showVisualEffectGraphs":true,"m_FxEnabled":true},"in2DMode":false,"pivot":{"x":-0.03244218975305557,"y":1.0880393981933594,"z":0.0011372566223144532},"rotation":{"x":-0.0877743661403656,"y":-0.01584388129413128,"z":0.0014031222090125085,"w":-0.9960233569145203},"size":1.0061564445495606,"orthographic":false}